scene_id,label
C_000001,1
C_000002,1
C_000003,1
C_000004,1
C_000005,1
C_000006,1
C_000007,1
C_000008,1
C_000009,1
C_000010,1
C_000011,1
C_000012,1
C_000013,1
C_000014,1
C_000015,1
C_000016,1
C_000017,1
C_000018,1
C_000019,1
C_000020,1
C_000021,1
C_000022,1
C_000023,1
C_000024,1
C_000025,1
C_000026,1
C_000027,1
C_000028,1
C_000029,1
C_000030,1
C_000031,1
C_000032,1
C_000033,1
C_000034,1
C_000035,1
C_000036,1
C_000037,1
C_000038,1
C_000039,1
C_000040,1
C_000041,1
C_000042,1
C_000043,1
C_000044,1
C_000045,1
C_000046,1
C_000047,1
C_000048,1
C_000049,1
C_000050,1
C_000051,1
C_000052,1
C_000053,1
C_000054,1
C_000055,1
C_000056,1
C_000057,1
C_000058,1
C_000059,1
C_000060,1
C_000061,1
C_000062,1
C_000063,1
C_000064,1
C_000065,1
C_000066,1
C_000067,1
C_000068,1
C_000069,1
C_000070,1
C_000071,1
C_000072,1
C_000073,1
C_000074,1
C_000075,1
C_000076,1
C_000077,1
C_000078,1
C_000079,1
C_000080,1
C_000081,1
C_000082,1
C_000083,1
C_000084,1
C_000085,1
C_000086,1
C_000087,1
C_000088,1
C_000089,1
C_000090,1
C_000091,1
C_000092,1
C_000093,1
C_000094,1
C_000095,1
C_000096,1
C_000097,1
C_000098,1
C_000099,1
C_000100,1
C_000101,1
C_000102,1
C_000103,1
C_000104,1
C_000105,1
C_000106,1
C_000107,1
C_000108,1
C_000109,1
C_000110,1
C_000111,1
C_000112,1
C_000113,1
C_000114,1
C_000115,1
C_000116,1
C_000117,1
C_000118,1
C_000119,1
C_000120,1
C_000121,1
C_000122,1
C_000123,1
C_000124,1
C_000125,1
C_000126,1
C_000127,1
C_000128,1
C_000129,1
C_000130,1
C_000131,1
C_000132,1
C_000133,1
C_000134,1
C_000135,1
C_000136,1
C_000137,1
C_000138,1
C_000139,1
C_000140,1
C_000141,1
C_000142,1
C_000143,1
C_000144,1
C_000145,1
C_000146,1
C_000147,1
C_000148,1
C_000149,1
C_000150,1
C_000151,1
C_000152,1
C_000153,1
C_000154,1
C_000155,1
C_000156,1
C_000157,1
C_000158,1
C_000159,1
C_000160,1
C_000161,1
C_000162,1
C_000163,1
C_000164,1
C_000165,1
C_000166,1
C_000167,1
C_000168,1
C_000169,1
C_000170,1
C_000171,1
C_000172,1
C_000173,1
C_000174,1
C_000175,1
C_000176,1
C_000177,1
C_000178,1
C_000179,1
C_000180,1
C_000181,1
C_000182,1
C_000183,1
C_000184,1
C_000185,1
C_000186,1
C_000187,1
C_000188,1
C_000189,1
C_000190,1
C_000191,1
C_000192,1
C_000193,1
C_000194,1
C_000195,1
C_000196,1
C_000197,1
C_000198,1
C_000199,1
C_000200,1
C_000201,1
C_000202,1
C_000203,1
C_000204,1
C_000205,1
C_000206,1
C_000207,1
C_000208,1
C_000209,1
C_000210,1
C_000211,1
C_000212,1
C_000213,1
C_000214,1
C_000215,1
C_000216,1
C_000217,1
C_000218,1
C_000219,1
C_000220,1
C_000221,1
C_000222,1
C_000223,1
C_000224,1
C_000225,1
C_000226,1
C_000227,1
C_000228,1
C_000229,1
C_000230,1
C_000231,1
C_000232,1
C_000233,1
C_000234,1
C_000235,1
C_000236,1
C_000237,1
C_000238,1
C_000239,1
C_000240,1
C_000241,1
C_000242,1
C_000243,1
C_000244,1
C_000245,1
C_000246,1
C_000247,1
C_000248,1
C_000249,1
C_000250,1
C_000251,1
C_000252,1
C_000253,1
C_000254,1
C_000255,1
C_000256,1
C_000257,1
C_000258,1
C_000259,1
C_000260,1
C_000261,1
C_000262,1
C_000263,1
C_000264,1
C_000265,1
C_000266,1
C_000267,1
C_000268,1
C_000269,1
C_000270,1
C_000271,1
C_000272,1
C_000273,1
C_000274,1
C_000275,1
C_000276,1
C_000277,1
C_000278,1
C_000279,1
C_000280,1
C_000281,1
C_000282,1
C_000283,1
C_000284,1
C_000285,1
C_000286,1
C_000287,1
C_000288,1
C_000289,1
C_000290,1
C_000291,1
C_000292,1
C_000293,1
C_000294,1
C_000295,1
C_000296,1
C_000297,1
C_000298,1
C_000299,1
C_000300,1
C_000301,1
C_000302,1
C_000303,1
C_000304,1
C_000305,1
C_000306,1
C_000307,1
C_000308,1
C_000309,1
C_000310,1
C_000311,1
C_000312,1
C_000313,1
C_000314,1
C_000315,1
C_000316,1
C_000317,1
C_000318,1
C_000319,1
C_000320,1
C_000321,1
C_000322,1
C_000323,1
C_000324,1
C_000325,1
C_000326,1
C_000327,1
C_000328,1
C_000329,1
C_000330,1
C_000331,1
C_000332,1
C_000333,1
C_000334,1
C_000335,1
C_000336,1
C_000337,1
C_000338,1
C_000339,1
C_000340,1
C_000341,1
C_000342,1
C_000343,1
C_000344,1
C_000345,1
C_000346,1
C_000347,1
C_000348,1
C_000349,1
C_000350,1
C_000351,1
C_000352,1
C_000353,1
C_000354,1
C_000355,1
C_000356,1
C_000357,1
C_000358,1
C_000359,1
C_000360,1
C_000361,1
C_000362,1
C_000363,1
C_000364,1
C_000365,1
C_000366,1
C_000367,1
C_000368,1
C_000369,1
C_000370,1
C_000371,1
C_000372,1
C_000373,1
C_000374,1
C_000375,1
C_000376,1
C_000377,1
C_000378,1
C_000379,1
C_000380,1
C_000381,1
C_000382,1
C_000383,1
C_000384,1
C_000385,1
C_000386,1
C_000387,1
C_000388,1
C_000389,1
C_000390,1
C_000391,1
C_000392,1
C_000393,1
C_000394,1
C_000395,1
C_000396,1
C_000397,1
C_000398,1
C_000399,1
C_000400,1
C_000401,1
C_000402,1
C_000403,1
C_000404,1
C_000405,1
C_000406,1
C_000407,1
C_000408,1
C_000409,1
C_000410,1
C_000411,1
C_000412,1
C_000413,1
C_000414,1
C_000415,1
C_000416,1
C_000417,1
C_000418,1
C_000419,1
C_000420,1
C_000421,1
C_000422,1
C_000423,1
C_000424,1
C_000425,1
C_000426,1
C_000427,1
C_000428,1
C_000429,1
C_000430,1
C_000431,1
C_000432,1
C_000433,1
C_000434,1
C_000435,1
C_000436,1
C_000437,1
C_000438,1
C_000439,1
C_000440,1
C_000441,1
C_000442,1
C_000443,1
C_000444,1
C_000445,1
C_000446,1
C_000447,1
C_000448,1
C_000449,1
C_000450,1
C_000451,1
C_000452,1
C_000453,1
C_000454,1
C_000455,1
C_000456,1
C_000457,1
C_000458,1
C_000459,1
C_000460,1
C_000461,1
C_000462,1
C_000463,1
C_000464,1
C_000465,1
C_000466,1
C_000467,1
C_000468,1
C_000469,1
C_000470,1
C_000471,1
C_000472,1
C_000473,1
C_000474,1
C_000475,1
C_000476,1
C_000477,1
C_000478,1
C_000479,1
C_000480,1
C_000481,1
C_000482,1
C_000483,1
C_000484,1
C_000485,1
C_000486,1
C_000487,1
C_000488,1
C_000489,1
C_000490,1
C_000491,1
C_000492,1
C_000493,1
C_000494,1
C_000495,1
C_000496,1
C_000497,1
C_000498,1
C_000499,1
C_000500,1
C_000501,1
C_000502,1
C_000503,1
C_000504,1
C_000505,1
C_000506,1
C_000507,1
C_000508,1
C_000509,1
C_000510,1
C_000511,1
C_000512,1
C_000513,1
C_000514,1
C_000515,1
C_000516,1
C_000517,1
C_000518,1
C_000519,1
C_000520,1
C_000521,1
C_000522,1
C_000523,1
C_000524,1
C_000525,1
C_000526,1
C_000527,1
C_000528,1
C_000529,1
C_000530,1
C_000531,1
C_000532,1
C_000533,1
C_000534,1
C_000535,1
C_000536,1
C_000537,1
C_000538,1
C_000539,1
C_000540,1
C_000541,1
C_000542,1
C_000543,1
C_000544,1
C_000545,1
C_000546,1
C_000547,1
C_000548,1
C_000549,1
C_000550,1
C_000551,1
C_000552,1
C_000553,1
C_000554,1
C_000555,1
C_000556,1
C_000557,1
C_000558,1
C_000559,1
C_000560,1
C_000561,1
C_000562,1
C_000563,1
C_000564,1
C_000565,1
C_000566,1
C_000567,1
C_000568,1
C_000569,1
C_000570,1
C_000571,1
C_000572,1
C_000573,1
C_000574,1
C_000575,1
C_000576,1
C_000577,1
C_000578,1
C_000579,1
C_000580,1
C_000581,1
C_000582,1
C_000583,1
C_000584,1
C_000585,1
C_000586,1
C_000587,1
C_000588,1
C_000589,1
C_000590,1
C_000591,1
C_000592,1
C_000593,1
C_000594,1
C_000595,1
C_000596,1
C_000597,1
C_000598,1
C_000599,1
C_000600,1
C_000601,1
C_000602,1
C_000603,1
C_000604,1
C_000605,1
C_000606,1
C_000607,1
C_000608,1
C_000609,1
C_000610,1
C_000611,1
C_000612,1
C_000613,1
C_000614,1
C_000615,1
C_000616,1
C_000617,1
C_000618,1
C_000619,1
C_000620,1
C_000621,1
C_000622,1
C_000623,1
C_000624,1
C_000625,1
C_000626,1
C_000627,1
C_000628,1
C_000629,1
C_000630,1
C_000631,1
C_000632,1
C_000633,1
C_000634,1
C_000635,1
C_000636,1
C_000637,1
C_000638,1
C_000639,1
C_000640,1
C_000641,1
C_000642,1
C_000643,1
C_000644,1
C_000645,1
C_000646,1
C_000647,1
C_000648,1
C_000649,1
C_000650,1
C_000651,1
C_000652,1
C_000653,1
C_000654,1
C_000655,1
C_000656,1
C_000657,1
C_000658,1
C_000659,1
C_000660,1
C_000661,1
C_000662,1
C_000663,1
C_000664,1
C_000665,1
C_000666,1
C_000667,1
C_000668,1
C_000669,1
C_000670,1
C_000671,1
C_000672,1
C_000673,1
C_000674,1
C_000675,1
C_000676,1
C_000677,1
C_000678,1
C_000679,1
C_000680,1
C_000681,1
C_000682,1
C_000683,1
C_000684,1
C_000685,1
C_000686,1
C_000687,1
C_000688,1
C_000689,1
C_000690,1
C_000691,1
C_000692,1
C_000693,1
C_000694,1
C_000695,1
C_000696,1
C_000697,1
C_000698,1
C_000699,1
C_000700,1
C_000701,1
C_000702,1
C_000703,1
C_000704,1
C_000705,1
C_000706,1
C_000707,1
C_000708,1
C_000709,1
C_000710,1
C_000711,1
C_000712,1
C_000713,1
C_000714,1
C_000715,1
C_000716,1
C_000717,1
C_000718,1
C_000719,1
C_000720,1
C_000721,1
C_000722,1
C_000723,1
C_000724,1
C_000725,1
C_000726,1
C_000727,1
C_000728,1
C_000729,1
C_000730,1
C_000731,1
C_000732,1
C_000733,1
C_000734,1
C_000735,1
C_000736,1
C_000737,1
C_000738,1
C_000739,1
C_000740,1
C_000741,1
C_000742,1
C_000743,1
C_000744,1
C_000745,1
C_000746,1
C_000747,1
C_000748,1
C_000749,1
C_000750,1
C_000751,1
C_000752,1
C_000753,1
C_000754,1
C_000755,1
C_000756,1
C_000757,1
C_000758,1
C_000759,1
C_000760,1
C_000761,1
C_000762,1
C_000763,1
C_000764,1
C_000765,1
C_000766,1
C_000767,1
C_000768,1
C_000769,1
C_000770,1
C_000771,1
C_000772,1
C_000773,1
C_000774,1
C_000775,1
C_000776,1
C_000777,1
C_000778,1
C_000779,1
C_000780,1
C_000781,1
C_000782,1
C_000783,1
C_000784,1
C_000785,1
C_000786,1
C_000787,1
C_000788,1
C_000789,1
C_000790,1
C_000791,1
C_000792,1
C_000793,1
C_000794,1
C_000795,1
C_000796,1
C_000797,1
C_000798,1
C_000799,1
C_000800,1
C_000801,1
C_000802,1
C_000803,1
C_000804,1
C_000805,1
C_000806,1
C_000807,1
C_000808,1
C_000809,1
C_000810,1
C_000811,1
C_000812,1
C_000813,1
C_000814,1
C_000815,1
C_000816,1
C_000817,1
C_000818,1
C_000819,1
C_000820,1
C_000821,1
C_000822,1
C_000823,1
C_000824,1
C_000825,1
C_000826,1
C_000827,1
C_000828,1
C_000829,1
C_000830,1
C_000831,1
C_000832,1
C_000833,1
C_000834,1
C_000835,1
C_000836,1
C_000837,1
C_000838,1
C_000839,1
C_000840,1
C_000841,1
C_000842,1
C_000843,1
C_000844,1
C_000845,1
C_000846,1
C_000847,1
C_000848,1
C_000849,1
C_000850,1
C_000851,1
C_000852,1
C_000853,1
C_000854,1
C_000855,1
C_000856,1
C_000857,1
C_000858,1
C_000859,1
C_000860,1
C_000861,1
C_000862,1
C_000863,1
C_000864,1
C_000865,1
C_000866,1
C_000867,1
C_000868,1
C_000869,1
C_000870,1
C_000871,1
C_000872,1
C_000873,1
C_000874,1
C_000875,1
C_000876,1
C_000877,1
C_000878,1
C_000879,1
C_000880,1
C_000881,1
C_000882,1
C_000883,1
C_000884,1
C_000885,1
C_000886,1
C_000887,1
C_000888,1
C_000889,1
C_000890,1
C_000891,1
C_000892,1
C_000893,1
C_000894,1
C_000895,1
C_000896,1
C_000897,1
C_000898,1
C_000899,1
C_000900,1
C_000901,1
C_000902,1
C_000903,1
C_000904,1
C_000905,1
C_000906,1
C_000907,1
C_000908,1
C_000909,1
C_000910,1
C_000911,1
C_000912,1
C_000913,1
C_000914,1
C_000915,1
C_000916,1
C_000917,1
C_000918,1
C_000919,1
C_000920,1
C_000921,1
C_000922,1
C_000923,1
C_000924,1
C_000925,1
C_000926,1
C_000927,1
C_000928,1
C_000929,1
C_000930,1
C_000931,1
C_000932,1
C_000933,1
C_000934,1
C_000935,1
C_000936,1
C_000937,1
C_000938,1
C_000939,1
C_000940,1
C_000941,1
C_000942,1
C_000943,1
C_000944,1
C_000945,1
C_000946,1
C_000947,1
C_000948,1
C_000949,1
C_000950,1
C_000951,1
C_000952,1
C_000953,1
C_000954,1
C_000955,1
C_000956,1
C_000957,1
C_000958,1
C_000959,1
C_000960,1
C_000961,1
C_000962,1
C_000963,1
C_000964,1
C_000965,1
C_000966,1
C_000967,1
C_000968,1
C_000969,1
C_000970,1
C_000971,1
C_000972,1
C_000973,1
C_000974,1
C_000975,1
C_000976,1
C_000977,1
C_000978,1
C_000979,1
C_000980,1
C_000981,1
C_000982,1
C_000983,1
C_000984,1
C_000985,1
C_000986,1
C_000987,1
C_000988,1
C_000989,1
C_000990,1
C_000991,1
C_000992,1
C_000993,1
C_000994,1
C_000995,1
C_000996,1
C_000997,1
C_000998,1
C_000999,1
C_001000,1
C_001001,1
C_001002,1
C_001003,1
C_001004,1
C_001005,1
C_001006,1
C_001007,1
C_001008,1
C_001009,1
C_001010,1
C_001011,1
C_001012,1
C_001013,1
C_001014,1
C_001015,1
C_001016,1
C_001017,1
C_001018,1
C_001019,1
C_001020,1
C_001021,1
C_001022,1
C_001023,1
C_001024,1
C_001025,1
C_001026,1
C_001027,1
C_001028,1
C_001029,1
C_001030,1
C_001031,1
C_001032,1
C_001033,1
C_001034,1
C_001035,1
C_001036,1
C_001037,1
C_001038,1
C_001039,1
C_001040,1
C_001041,1
C_001042,1
C_001043,1
C_001044,1
C_001045,1
C_001046,1
C_001047,1
C_001048,1
C_001049,1
C_001050,1
C_001051,1
C_001052,1
C_001053,1
C_001054,1
C_001055,1
C_001056,1
C_001057,1
C_001058,1
C_001059,1
C_001060,1
C_001061,1
C_001062,1
C_001063,1
C_001064,1
C_001065,1
C_001066,1
C_001067,1
C_001068,1
C_001069,1
C_001070,1
C_001071,1
C_001072,1
C_001073,1
C_001074,1
C_001075,1
C_001076,1
C_001077,1
C_001078,1
C_001079,1
C_001080,1
C_001081,1
C_001082,1
C_001083,1
C_001084,1
C_001085,1
C_001086,1
C_001087,1
C_001088,1
C_001089,1
C_001090,1
C_001091,1
C_001092,1
C_001093,1
C_001094,1
C_001095,1
C_001096,1
C_001097,1
C_001098,1
C_001099,1
C_001100,1
C_001101,1
C_001102,1
C_001103,1
C_001104,1
C_001105,1
C_001106,1
C_001107,1
C_001108,1
C_001109,1
C_001110,1
C_001111,1
C_001112,1
C_001113,1
C_001114,1
C_001115,1
C_001116,1
C_001117,1
C_001118,1
C_001119,1
C_001120,1
C_001121,1
C_001122,1
C_001123,1
C_001124,1
C_001125,1
C_001126,1
C_001127,1
C_001128,1
C_001129,1
C_001130,1
C_001131,1
C_001132,1
C_001133,1
C_001134,1
C_001135,1
C_001136,1
C_001137,1
C_001138,1
C_001139,1
C_001140,1
C_001141,1
C_001142,1
C_001143,1
C_001144,1
C_001145,1
C_001146,1
C_001147,1
C_001148,1
C_001149,1
C_001150,1
C_001151,1
C_001152,1
C_001153,1
C_001154,1
C_001155,1
C_001156,1
C_001157,1
C_001158,1
C_001159,1
C_001160,1
C_001161,1
C_001162,1
C_001163,1
C_001164,1
C_001165,1
C_001166,1
C_001167,1
C_001168,1
C_001169,1
C_001170,1
C_001171,1
C_001172,1
C_001173,1
C_001174,1
C_001175,1
C_001176,1
C_001177,1
C_001178,1
C_001179,1
C_001180,1
C_001181,1
C_001182,1
C_001183,1
C_001184,1
C_001185,1
C_001186,1
C_001187,1
C_001188,1
C_001189,1
C_001190,1
C_001191,1
C_001192,1
C_001193,1
C_001194,1
C_001195,1
C_001196,1
C_001197,1
C_001198,1
C_001199,1
C_001200,1
C_001201,1
C_001202,1
C_001203,1
C_001204,1
C_001205,1
C_001206,1
C_001207,1
C_001208,1
C_001209,1
C_001210,1
C_001211,1
C_001212,1
C_001213,1
C_001214,1
C_001215,1
C_001216,1
C_001217,1
C_001218,1
C_001219,1
C_001220,1
C_001221,1
C_001222,1
C_001223,1
C_001224,1
C_001225,1
C_001226,1
C_001227,1
C_001228,1
C_001229,1
C_001230,1
C_001231,1
C_001232,1
C_001233,1
C_001234,1
C_001235,1
C_001236,1
C_001237,1
C_001238,1
C_001239,1
C_001240,1
C_001241,1
C_001242,1
C_001243,1
C_001244,1
C_001245,1
C_001246,1
C_001247,1
C_001248,1
C_001249,1
C_001250,1
C_001251,1
C_001252,1
C_001253,1
C_001254,1
C_001255,1
C_001256,1
C_001257,1
C_001258,1
C_001259,1
C_001260,1
C_001261,1
C_001262,1
C_001263,1
C_001264,1
C_001265,1
C_001266,1
C_001267,1
C_001268,1
C_001269,1
C_001270,1
C_001271,1
C_001272,1
C_001273,1
C_001274,1
C_001275,1
C_001276,1
C_001277,1
C_001278,1
C_001279,1
C_001280,1
C_001281,1
C_001282,1
C_001283,1
C_001284,1
C_001285,1
C_001286,1
C_001287,1
C_001288,1
C_001289,1
C_001290,1
C_001291,1
C_001292,1
C_001293,1
C_001294,1
C_001295,1
C_001296,1
C_001297,1
C_001298,1
C_001299,1
C_001300,1
C_001301,1
C_001302,1
C_001303,1
C_001304,1
C_001305,1
C_001306,1
C_001307,1
C_001308,1
C_001309,1
C_001310,1
C_001311,1
C_001312,1
C_001313,1
C_001314,1
C_001315,1
C_001316,1
C_001317,1
C_001318,1
C_001319,1
C_001320,1
C_001321,1
C_001322,1
C_001323,1
C_001324,1
C_001325,1
C_001326,1
C_001327,1
C_001328,1
C_001329,1
C_001330,1
C_001331,1
C_001332,1
C_001333,1
C_001334,1
C_001335,1
C_001336,1
C_001337,1
C_001338,1
C_001339,1
C_001340,1
C_001341,1
C_001342,1
C_001343,1
C_001344,1
C_001345,1
C_001346,1
C_001347,1
C_001348,1
C_001349,1
C_001350,1
C_001351,1
C_001352,1
C_001353,1
C_001354,1
C_001355,1
C_001356,1
C_001357,1
C_001358,1
C_001359,1
C_001360,1
C_001361,1
C_001362,1
C_001363,1
C_001364,1
C_001365,1
C_001366,1
C_001367,1
C_001368,1
C_001369,1
C_001370,1
C_001371,1
C_001372,1
C_001373,1
C_001374,1
C_001375,1
C_001376,1
C_001377,1
C_001378,1
C_001379,1
C_001380,1
C_001381,1
C_001382,1
C_001383,1
C_001384,1
C_001385,1
C_001386,1
C_001387,1
C_001388,1
C_001389,1
C_001390,1
C_001391,1
C_001392,1
C_001393,1
C_001394,1
C_001395,1
C_001396,1
C_001397,1
C_001398,1
C_001399,1
C_001400,1
C_001401,1
C_001402,1
C_001403,1
C_001404,1
C_001405,1
C_001406,1
C_001407,1
C_001408,1
C_001409,1
C_001410,1
C_001411,1
C_001412,1
C_001413,1
C_001414,1
C_001415,1
C_001416,1
C_001417,1
C_001418,1
C_001419,1
C_001420,1
C_001421,1
C_001422,1
C_001423,1
C_001424,1
C_001425,1
C_001426,1
C_001427,1
C_001428,1
C_001429,1
C_001430,1
C_001431,1
C_001432,1
C_001433,1
C_001434,1
C_001435,1
C_001436,1
C_001437,1
C_001438,1
C_001439,1
C_001440,1
C_001441,1
C_001442,1
C_001443,1
C_001444,1
C_001445,1
C_001446,1
C_001447,1
C_001448,1
C_001449,1
C_001450,1
C_001451,1
C_001452,1
C_001453,1
C_001454,1
C_001455,1
C_001456,1
C_001457,1
C_001458,1
C_001459,1
C_001460,1
C_001461,1
C_001462,1
C_001463,1
C_001464,1
C_001465,1
C_001466,1
C_001467,1
C_001468,1
C_001469,1
C_001470,1
C_001471,1
C_001472,1
C_001473,1
C_001474,1
C_001475,1
C_001476,1
C_001477,1
C_001478,1
C_001479,1
C_001480,1
C_001481,1
C_001482,1
C_001483,1
C_001484,1
C_001485,1
C_001486,1
C_001487,1
C_001488,1
C_001489,1
C_001490,1
C_001491,1
C_001492,1
C_001493,1
C_001494,1
C_001495,1
C_001496,1
C_001497,1
C_001498,1
C_001499,1
C_001500,1
Crash,1
0000f77c-6257be58_0,0
0000f77c-6257be58_1,0
0000f77c-6257be58_2,0
0000f77c-6257be58_3,0
0000f77c-62c2a288_0,0
0000f77c-62c2a288_1,0
0000f77c-62c2a288_2,0
0000f77c-62c2a288_3,0
0000f77c-cb820c98_0,0
0000f77c-cb820c98_1,0
0000f77c-cb820c98_2,0
0000f77c-cb820c98_3,0
0001542f-5ce3cf52_0,0
0001542f-5ce3cf52_1,0
0001542f-5ce3cf52_2,0
0001542f-5ce3cf52_3,0
0001542f-7c670be8_0,0
0001542f-7c670be8_1,0
0001542f-7c670be8_2,0
0001542f-7c670be8_3,0
0001542f-ec815219_0,0
0001542f-ec815219_1,0
0001542f-ec815219_2,0
0001542f-ec815219_3,0
00054602-3bf57337_0,0
00054602-3bf57337_1,0
00054602-3bf57337_2,0
00054602-3bf57337_3,0
00067cfb-5443fe39_0,0
00067cfb-5443fe39_1,0
00067cfb-5443fe39_2,0
00067cfb-5443fe39_3,0
00067cfb-5adfaaa7_0,0
00067cfb-5adfaaa7_1,0
00067cfb-5adfaaa7_2,0
00067cfb-5adfaaa7_3,0
00067cfb-caba8a02_0,0
00067cfb-caba8a02_1,0
00067cfb-caba8a02_2,0
00067cfb-caba8a02_3,0
00067cfb-e535423e_0,0
00067cfb-e535423e_1,0
00067cfb-e535423e_2,0
00067cfb-e535423e_3,0
00067cfb-f1b91e3c_0,0
00067cfb-f1b91e3c_1,0
00067cfb-f1b91e3c_2,0
00067cfb-f1b91e3c_3,0
0008a165-c48f4b3e_0,0
0008a165-c48f4b3e_1,0
0008a165-c48f4b3e_2,0
0008a165-c48f4b3e_3,0
00091078-59817bb0_0,0
00091078-59817bb0_1,0
00091078-59817bb0_2,0
00091078-59817bb0_3,0
00091078-7cff8ea6_0,0
00091078-7cff8ea6_1,0
00091078-7cff8ea6_2,0
00091078-7cff8ea6_3,0
00091078-84635cf2_0,0
00091078-84635cf2_1,0
00091078-875c1f73_0,0
00091078-875c1f73_1,0
00091078-875c1f73_2,0
00091078-875c1f73_3,0
00091078-c1d32eea_0,0
00091078-c1d32eea_1,0
00091078-c1d32eea_2,0
00091078-c1d32eea_3,0
00091078-cedbfea7_0,0
00091078-cedbfea7_1,0
00091078-cedbfea7_2,0
00091078-cedbfea7_3,0
00091078-cedbfea7_4,0
00091078-f32de4d2_0,0
00091078-f32de4d2_1,0
00091078-f32de4d2_2,0
00091078-f32de4d2_3,0
000d35d3-41990aa4_0,0
000d35d3-41990aa4_1,0
000d35d3-41990aa4_2,0
000d35d3-41990aa4_3,0
000d4f89-3bcbe37a_0,0
000d4f89-3bcbe37a_1,0
000d4f89-3bcbe37a_2,0
000d4f89-3bcbe37a_3,0
000e0252-8523a4a9_0,0
000e0252-8523a4a9_1,0
000e0252-8523a4a9_2,0
000e0252-8523a4a9_3,0
000f157f-30b30f5e_0,0
000f157f-30b30f5e_1,0
000f157f-30b30f5e_2,0
000f157f-30b30f5e_3,0
000f157f-37797ff9_0,0
000f157f-37797ff9_1,0
000f157f-37797ff9_2,0
000f157f-37797ff9_3,0
000f157f-dab3a407_0,0
000f157f-dab3a407_1,0
000f157f-dab3a407_2,0
000f157f-dab3a407_3,0
000f8d37-d4c09a0f_0,0
000f8d37-d4c09a0f_1,0
000f8d37-d4c09a0f_2,0
000f8d37-d4c09a0f_3,0
0010bf16-9ee17cd9_0,0
0010bf16-9ee17cd9_1,0
0010bf16-9ee17cd9_2,0
0010bf16-9ee17cd9_3,0
0010bf16-a457685b_0,0
0010bf16-a457685b_1,0
0010bf16-a457685b_2,0
0010bf16-a457685b_3,0
00131ea7-624f538d_0,0
00131ea7-624f538d_1,0
00131ea7-624f538d_2,0
00131ea7-624f538d_3,0
00134776-9123d227_0,0
00134776-9123d227_1,0
00134776-9123d227_2,0
00134776-9123d227_3,0
001bad4e-2fa8f3b6_0,0
001bad4e-2fa8f3b6_1,0
001bad4e-2fa8f3b6_2,0
001bad4e-2fa8f3b6_3,0
001c5339-08faca55_0,0
001c5339-08faca55_1,0
001c5339-08faca55_2,0
001c5339-08faca55_3,0
001c5339-13a07470_0,0
001c5339-13a07470_1,0
001c5339-13a07470_2,0
001c5339-13a07470_3,0
001c5339-9a6cdd3e_0,0
001c5339-9a6cdd3e_1,0
001c5339-9a6cdd3e_2,0
001c5339-9a6cdd3e_3,0
00202076-7a95b4e3_0,0
00202076-7a95b4e3_1,0
00202076-7a95b4e3_2,0
00202076-7a95b4e3_3,0
00202076-9eaa8e42_0,0
00202076-9eaa8e42_1,0
00202076-9eaa8e42_2,0
00202076-9eaa8e42_3,0
00207869-046fa443_0,0
00207869-046fa443_1,0
00207869-046fa443_2,0
00207869-046fa443_3,0
00207869-902288d1_0,0
00207869-902288d1_1,0
00207869-902288d1_2,0
00207869-902288d1_3,0
00211b17-ad3e206b_0,0
00211b17-ad3e206b_1,0
00211b17-ad3e206b_2,0
00211b17-ad3e206b_3,0
00225f53-4200bde2_0,0
00225f53-4200bde2_1,0
00225f53-4200bde2_2,0
00225f53-4200bde2_3,0
00225f53-67614580_0,0
00225f53-67614580_1,0
00225f53-67614580_2,0
00225f53-67614580_3,0
00232de3-19eca24a_0,0
00232de3-19eca24a_1,0
00232de3-19eca24a_2,0
00232de3-19eca24a_3,0
0024b742-83709bd4_0,0
0024b742-83709bd4_1,0
0024b742-83709bd4_2,0
0024b742-83709bd4_3,0
0024b742-acbed4fb_0,0
0024b742-acbed4fb_1,0
002685b6-856c17f7_0,0
002685b6-856c17f7_1,0
002685b6-856c17f7_2,0
002685b6-856c17f7_3,0
00268999-0b20ef00_0,0
00268999-0b20ef00_1,0
00268999-0b20ef00_2,0
00268999-0b20ef00_3,0
00268999-9f6d5823_0,0
00268999-9f6d5823_1,0
00268999-9f6d5823_2,0
00268999-9f6d5823_3,0
00268999-a4b8e39d_0,0
00268999-a4b8e39d_1,0
00268999-a4b8e39d_2,0
00268999-a4b8e39d_3,0
00268999-cb063914_0,0
00268999-cb063914_1,0
00268999-cb063914_2,0
00268999-cb063914_3,0
002827ad-8748e2fb_0,0
002827ad-8748e2fb_1,0
002827ad-8748e2fb_2,0
002827ad-8748e2fb_3,0
0028cbbf-92f30408_0,0
0028cbbf-92f30408_1,0
0028cbbf-92f30408_2,0
0028cbbf-92f30408_3,0
002ab96a-a96704f9_0,0
002ab96a-a96704f9_1,0
002ab96a-a96704f9_2,0
002ab96a-a96704f9_3,0
002ab96a-ea678692_0,0
002ab96a-ea678692_1,0
002ab96a-ea678692_2,0
002ab96a-ea678692_3,0
002b485a-3f6603f2_0,0
002b485a-3f6603f2_1,0
002b485a-3f6603f2_2,0
002b485a-3f6603f2_3,0
002b485a-d1301c7c_0,0
002b485a-d1301c7c_1,0
002b485a-d1301c7c_2,0
002b485a-d1301c7c_3,0
002b562f-e0ac84fe_0,0
002b562f-e0ac84fe_1,0
002b562f-e0ac84fe_2,0
002b562f-e0ac84fe_3,0
002cd38e-c7defded_0,0
002cd38e-c7defded_1,0
002cd38e-c7defded_2,0
002cd38e-c7defded_3,0
002cd38e-ebe888e1_0,0
002cd38e-ebe888e1_1,0
002cd38e-ebe888e1_2,0
002cd38e-ebe888e1_3,0
002d290d-01969e7d_0,0
002d290d-01969e7d_1,0
002d290d-01969e7d_2,0
002d290d-01969e7d_3,0
002d290d-89d1aea8_0,0
002d290d-89d1aea8_1,0
002d290d-89d1aea8_2,0
002d290d-89d1aea8_3,0
002d290d-89f4e5c0_0,0
002d290d-89f4e5c0_1,0
002d290d-89f4e5c0_2,0
002d290d-89f4e5c0_3,0
002d290d-90f2bab2_0,0
002d290d-90f2bab2_1,0
002d290d-90f2bab2_2,0
002d290d-90f2bab2_3,0
002d290d-f9108a13_0,0
002d290d-f9108a13_1,0
002d290d-f9108a13_2,0
002d290d-f9108a13_3,0
002d290d-fa2a8964_0,0
002d290d-fa2a8964_1,0
002d290d-fa2a8964_2,0
002d290d-fa2a8964_3,0
002e6895-442e6bc1_0,0
002e6895-442e6bc1_1,0
002e6895-442e6bc1_2,0
002e6895-442e6bc1_3,0
0030f434-3eb4a3a9_0,0
0030f434-3eb4a3a9_1,0
0030f434-3eb4a3a9_2,0
0030f434-3eb4a3a9_3,0
00313a01-62156032_0,0
00313a01-62156032_1,0
00313a01-62156032_2,0
00313a01-62156032_3,0
00313a01-725ddf3a_0,0
00313a01-725ddf3a_1,0
00313a01-725ddf3a_2,0
00313a01-725ddf3a_3,0
00313a01-97de1f42_0,0
00313a01-97de1f42_1,0
00313a01-97de1f42_2,0
00313a01-97de1f42_3,0
00313a01-b53a2998_0,0
00313a01-b53a2998_1,0
00313a01-b53a2998_2,0
00313a01-b53a2998_3,0
00322f82-286ab9b3_0,0
00322f82-286ab9b3_1,0
00322f82-286ab9b3_2,0
00322f82-286ab9b3_3,0
0032419c-7d20b300_0,0
0032419c-7d20b300_1,0
0032419c-7d20b300_2,0
0032419c-7d20b300_3,0
0033b19f-65613f7e_0,0
0033b19f-65613f7e_1,0
0033b19f-65613f7e_2,0
0033b19f-65613f7e_3,0
0033b19f-7f07efac_0,0
0033b19f-7f07efac_1,0
0033b19f-7f07efac_2,0
0033b19f-7f07efac_3,0
0034a363-24f318c4_0,0
0034a363-24f318c4_1,0
0034a363-24f318c4_2,0
0034a363-24f318c4_3,0
0035afff-3295dbd6_0,0
0035afff-3295dbd6_1,0
0035afff-3295dbd6_2,0
0035afff-3295dbd6_3,0
0035afff-434368a1_0,0
0035afff-434368a1_1,0
0035afff-434368a1_2,0
0035afff-434368a1_3,0
0035afff-47378fa3_0,0
0035afff-47378fa3_1,0
0035afff-47378fa3_2,0
0035afff-47378fa3_3,0
0035afff-572b2d4e_0,0
0035afff-572b2d4e_1,0
0035afff-572b2d4e_2,0
0035afff-572b2d4e_3,0
0035afff-bd191d6a_0,0
0035afff-bd191d6a_1,0
0035afff-bd191d6a_2,0
0035afff-bd191d6a_3,0
00378858-c5f802ac_0,0
00378858-c5f802ac_1,0
00378858-c5f802ac_2,0
00378858-c5f802ac_3,0
00390995-49d9a01e_0,0
00390995-49d9a01e_1,0
00390995-49d9a01e_2,0
00390995-49d9a01e_3,0
00391a82-8be5b76d_0,0
00391a82-8be5b76d_1,0
00391a82-8be5b76d_2,0
00391a82-8be5b76d_3,0
00391a82-d1428e56_0,0
00391a82-d1428e56_1,0
00391a82-d1428e56_2,0
00391a82-d1428e56_3,0
003baca5-70c87fc6_0,0
003baca5-70c87fc6_1,0
003baca5-70c87fc6_2,0
003baca5-70c87fc6_3,0
003baca5-aab2e274_0,0
003baca5-aab2e274_1,0
003baca5-aab2e274_2,0
003baca5-aab2e274_3,0
003baca5-ad660439_0,0
003baca5-ad660439_1,0
003baca5-ad660439_2,0
003baca5-ad660439_3,0
003baca5-d6cd84e5_0,0
003baca5-d6cd84e5_1,0
003baca5-d6cd84e5_2,0
003baca5-d6cd84e5_3,0
003c4a61-52588960_0,0
003c4a61-52588960_1,0
003c4a61-52588960_2,0
003c4a61-52588960_3,0
003e23ee-07d32feb_0,0
003e23ee-07d32feb_1,0
003e23ee-07d32feb_2,0
003e23ee-07d32feb_3,0
003e23ee-67d25f19_0,0
003e23ee-67d25f19_1,0
003e23ee-67d25f19_2,0
003e23ee-67d25f19_3,0
004071a4-049b7b85_0,0
004071a4-049b7b85_1,0
004071a4-049b7b85_2,0
004071a4-049b7b85_3,0
004071a4-4e8a363a_0,0
004071a4-4e8a363a_1,0
004071a4-4e8a363a_2,0
004071a4-4e8a363a_3,0
004071a4-a45d905f_0,0
004071a4-a45d905f_1,0
004071a4-a45d905f_2,0
004071a4-a45d905f_3,0
004071a4-ef4bf541_0,0
004071a4-ef4bf541_1,0
004071a4-ef4bf541_2,0
004071a4-ef4bf541_3,0
00417c23-220bbc98_0,0
00417c23-220bbc98_1,0
00417c23-220bbc98_2,0
00417c23-220bbc98_3,0
00423717-0ef3c8dc_0,0
00423717-0ef3c8dc_1,0
00423717-0ef3c8dc_2,0
00423717-0ef3c8dc_3,0
00423717-eba4da41_0,0
00423717-eba4da41_1,0
00423717-eba4da41_2,0
00423717-eba4da41_3,0
00423ac5-1fa7ff43_0,0
00423ac5-1fa7ff43_1,0
00423ac5-1fa7ff43_2,0
00423ac5-1fa7ff43_3,0
0045e757-02530231_0,0
0045e757-02530231_1,0
0045e757-02530231_2,0
0045e757-02530231_3,0
0045e757-088840fc_0,0
0045e757-088840fc_1,0
0045e757-088840fc_2,0
0045e757-088840fc_3,0
0045e757-66a334b5_0,0
0045e757-66a334b5_1,0
0045e757-66a334b5_2,0
0045e757-66a334b5_3,0
004855fc-ff3946ad_0,0
004855fc-ff3946ad_1,0
004855fc-ff3946ad_2,0
004855fc-ff3946ad_3,0
00488a66-6c729bde_0,0
00488a66-6c729bde_1,0
00488a66-6c729bde_2,0
00488a66-6c729bde_3,0
00488b40-0a8cf1a0_0,0
00488b40-0a8cf1a0_1,0
00488b40-0a8cf1a0_2,0
00488b40-0a8cf1a0_3,0
0048f391-2c5344eb_0,0
0048f391-2c5344eb_1,0
0048f391-2c5344eb_2,0
0048f391-2c5344eb_3,0
0048f391-8eb40ca6_0,0
0048f391-8eb40ca6_1,0
0048f391-8eb40ca6_2,0
0048f391-8eb40ca6_3,0
0048f391-e9bfaf62_0,0
0048f391-e9bfaf62_1,0
0048f391-e9bfaf62_2,0
0048f391-e9bfaf62_3,0
0048f391-eae6a189_0,0
0048f391-eae6a189_1,0
0048f391-eae6a189_2,0
0048f391-eae6a189_3,0
0049e5b8-725e21a0_0,0
0049e5b8-725e21a0_1,0
0049e5b8-725e21a0_2,0
0049e5b8-725e21a0_3,0
0049e5b8-afda7206_0,0
0049e5b8-afda7206_1,0
0049e5b8-afda7206_2,0
0049e5b8-afda7206_3,0
004ea016-0b1932a7_0,0
004ea016-0b1932a7_1,0
004ea016-0b1932a7_2,0
004ea016-0b1932a7_3,0
00516b75-7ac91661_0,0
00516b75-7ac91661_1,0
00516b75-7ac91661_2,0
00516b75-7ac91661_3,0
0051e391-d32a618e_0,0
0051e391-d32a618e_1,0
0051e391-d32a618e_2,0
0051e391-d32a618e_3,0
0052b279-87c692aa_0,0
0052b279-87c692aa_1,0
0052b279-87c692aa_2,0
0052b279-87c692aa_3,0
005645a1-dbe34c9d_0,0
005645a1-dbe34c9d_1,0
005645a1-dbe34c9d_2,0
005645a1-dbe34c9d_3,0
00589f25-4cf2b9e0_0,0
00589f25-4cf2b9e0_1,0
00589f25-4cf2b9e0_2,0
00589f25-4cf2b9e0_3,0
0059f17f-f0882eef_0,0
0059f17f-f0882eef_1,0
0059f17f-f0882eef_2,0
0059f17f-f0882eef_3,0
005c4fd3-cb4d6287_0,0
005c4fd3-cb4d6287_1,0
005c4fd3-cb4d6287_2,0
005c4fd3-cb4d6287_3,0
005cdef0-180a776c_0,0
005cdef0-180a776c_1,0
005cdef0-180a776c_2,0
005cdef0-180a776c_3,0
005ee183-0100ac18_0,0
005ee183-0100ac18_1,0
005ee183-0100ac18_2,0
005ee183-0100ac18_3,0
005ee183-bcfab89f_0,0
005ee183-bcfab89f_1,0
005ee183-bcfab89f_2,0
005ee183-bcfab89f_3,0
005fd7be-d8e0dc65_0,0
005fd7be-d8e0dc65_1,0
005fd7be-d8e0dc65_2,0
005fd7be-d8e0dc65_3,0
005ff190-5be4cdfa_0,0
005ff190-5be4cdfa_1,0
005ff190-5be4cdfa_2,0
005ff190-5be4cdfa_3,0
00618cec-3bc5573e_0,0
00618cec-3bc5573e_1,0
00618cec-3bc5573e_2,0
00618cec-3bc5573e_3,0
00618cec-a7f7e470_0,0
00618cec-a7f7e470_1,0
00618cec-a7f7e470_2,0
00618cec-a7f7e470_3,0
00618cec-ef92ac05_0,0
00618cec-ef92ac05_1,0
00618cec-ef92ac05_2,0
00618cec-ef92ac05_3,0
0062298d-2d787502_0,0
0062298d-2d787502_1,0
0062298d-2d787502_2,0
0062298d-2d787502_3,0
0062298d-cbbec2cd_0,0
0062298d-cbbec2cd_1,0
0062298d-cbbec2cd_2,0
0062298d-cbbec2cd_3,0
0062298d-e6abad2f_0,0
0062298d-e6abad2f_1,0
0062298d-e6abad2f_2,0
0062298d-e6abad2f_3,0
0062298d-fd69d0ec_0,0
0062298d-fd69d0ec_1,0
0062298d-fd69d0ec_2,0
0062298d-fd69d0ec_3,0
0062ab5a-54bb129b_0,0
0062ab5a-54bb129b_1,0
0062ab5a-54bb129b_2,0
0062ab5a-54bb129b_3,0
0062e803-38c0a33a_0,0
0062e803-38c0a33a_1,0
0062f18d-f8cd3a65_0,0
0062f18d-f8cd3a65_1,0
006382a3-4a442001_0,0
006382a3-4a442001_1,0
006382a3-4a442001_2,0
006382a3-4a442001_3,0
0065fe83-c80cf6c3_0,0
0065fe83-c80cf6c3_1,0
0065fe83-c80cf6c3_2,0
0065fe83-c80cf6c3_3,0
006676e5-0a512e75_0,0
006676e5-0a512e75_1,0
006676e5-0a512e75_2,0
006676e5-0a512e75_3,0
006676e5-624162a7_0,0
006676e5-624162a7_1,0
006676e5-624162a7_2,0
006676e5-624162a7_3,0
0066b72f-974f6883_0,0
0066b72f-974f6883_1,0
0066b72f-974f6883_2,0
0066b72f-974f6883_3,0
00690c26-e4bbbd72_0,0
00690c26-e4bbbd72_1,0
00690c26-e4bbbd72_2,0
00690c26-e4bbbd72_3,0
00699de6-58847872_0,0
00699de6-58847872_1,0
00699de6-58847872_2,0
00699de6-58847872_3,0
006a4209-286a5664_0,0
006a4209-286a5664_1,0
006a4209-286a5664_2,0
006a4209-4f3bf6cf_0,0
006a4209-4f3bf6cf_1,0
006a4209-4f3bf6cf_2,0
006a4209-4f3bf6cf_3,0
006a7635-c42f9f97_0,0
006a7635-c42f9f97_1,0
006a7635-c42f9f97_2,0
006a7635-c42f9f97_3,0
006a7635-ec8fe02c_0,0
006a7635-ec8fe02c_1,0
006a7635-ec8fe02c_2,0
006a7635-ec8fe02c_3,0
006bb043-fe4bbaf6_0,0
006bb043-fe4bbaf6_1,0
006bb043-fe4bbaf6_2,0
006bb043-fe4bbaf6_3,0
006bff20-752bd845_0,0
006bff20-752bd845_1,0
006bff20-752bd845_2,0
006bff20-752bd845_3,0
006c0799-10697723_0,0
006c0799-10697723_1,0
006c0799-10697723_2,0
006c0799-10697723_3,0
006c0799-964a2695_0,0
006c0799-964a2695_1,0
006c0799-964a2695_2,0
006c0799-964a2695_3,0
006d6f8e-4759e8c1_0,0
006d6f8e-4759e8c1_1,0
006d6f8e-4759e8c1_2,0
006d6f8e-4759e8c1_3,0
006dd004-34630e8d_0,0
006dd004-34630e8d_1,0
006dd004-34630e8d_2,0
006dd004-34630e8d_3,0
006fdb67-526bb14e_0,0
006fdb67-526bb14e_1,0
006fdb67-526bb14e_2,0
006fdb67-526bb14e_3,0
006fdb67-f4820206_0,0
006fdb67-f4820206_1,0
006fdb67-f4820206_2,0
006fdb67-f4820206_3,0
